http://Kirov.IRR.ru/building/materials/,set()
http://Kirov.TvoyaSpravka.ru/categories/nerudnye_stroitelnye_materialy,set()
http://Kirov.shopping-mall.su/%D1%81%D1%82%D1%80%D0%BE%D0%B8%D1%82%D0%B5%D0%BB%D1%8C%D1%81%D1%82%D0%B2%D0%BE-%D0%B8-%D1%80%D0%B5%D0%BC%D0%BE%D0%BD%D1%82/%D1%81%D1%82%D1%80%D0%BE%D0%B8%D1%82%D0%B5%D0%BB%D1%8C%D0%BD%D1%8B%D0%B5-%D0%BC%D0%B0%D1%82%D0%B5%D1%80%D0%B8%D0%B0%D0%BB%D1%8B,set()
http://Kirov.tiu.ru/Stroitelnye-materialy,support@tiu.ru
http://advisor.kmvcity.ru/%D0%BA%D0%B8%D1%80%D0%BE%D0%B2/%D1%81%D1%82%D1%80%D0%BE%D0%B8%D1%82%D0%B5%D0%BB%D1%8C%D0%BD%D1%8B%D0%B5_%D0%BE%D1%82%D0%B4%D0%B5%D0%BB%D0%BE%D1%87%D0%BD%D1%8B%D0%B5_%D0%BC%D0%B0%D1%82%D0%B5%D1%80%D0%B8%D0%B0%D0%BB%D1%8B/%D1%81%D1%82%D1%80%D0%BE%D0%B8%D1%82%D0%B5%D0%BB%D1%8C%D0%BD%D1%8B%D0%B5_%D0%BC%D0%B0%D1%82%D0%B5%D1%80%D0%B8%D0%B0%D0%BB%D1%8B,set()
http://akson.ru/,"Rating@Mail.ru, xb3@Mail.ru"
http://bazaobyavleniy.ru/?re=43&action=spisok_obyavlenii&id=163,"Rating@Mail.ru, xe3@Mail.ru, sas@protruba.ru, kamensha@yandex.ru, Ukr174@mail.ru"
http://best-stroy.ru/prices/kirov/r26/r26_2,"xe3@Mail.ru, Rating@Mail.ru"
http://delovoy-kirov.ru/rubric-2430688,"info@kvadr43.ru, xoz@balers.ru, do43@rambler.ru, secretar@balers.ru, xoz1@balers.ru, elene705@mail.ru"
http://fan-stroy.ru/kirov/stroitelnye-materialy-kirov.php,fan-stroy.info@yandex.ru
http://himtorgkirov.ru/,sale@himtorgkirov.ru
http://kirov.adresa-telefony.ru/stroitelnye_materialy,set()
http://kirov.barahla.net/91.html,"support@barahla.net, woodmari@bk.ru, kalininoks1988@mail.ru, m-kornishina@mail.ru, rosspeckrepeg@yandex.ru"
http://kirov.besplatnee.net/prodazha_betona_peska,kirov@besplatnee.net
http://kirov.budus.ru/products/42/stroimaterials/,set()
http://kirov.citytoday.org/stroitelnye_materialy.html,set()
http://kirov.dorus.ru/building/materials/,set()
http://kirov.gorod-plus.com/firmy/42597/,set()
http://kirov.info88.ru/stroitelnye-otdelochnye-materialy-v-kirove/?SHOWALL_1=1,"vps2@mail.ru, kirov@inretsteklo.ru, stromat@bk.ru, forpost-kf@yandex.ru, 646792@mail.ru, okna_exprof@mail.ru, okna43@mail.ru, oknabars@inbox.ru, 785816@mail.ru, woodyar1@mail.ru, mnogotehno@yandex.ru, mega-wood@yandex.ru, vertikal06@mail.ru, vitrazh@list.ru, n-k-kirov@mail.ru, pspkirov@mail.ru, oootdatol@gmail.com, kirovsrub@mail.ru, meneger@nashidveri.ru, parket-sv@yandex.ru, orgsteklo.kirov@yandex.ru, kirov-carpet@rambler.ru, spartak@spartakstroy.ru, inj.potolkov@yandex.ru, polimerstroyplus@mail.ru, bsn43@bk.ru, mb.mm@yandex.ru, ooostroytrans@mail.ru, waygach@yandex.ru, kirobeyniksergey@inbox.ru, oooplastikokna@gmail.com, les-chudes@list.ru, prodaz-otdel@mail.ru, smt-m@bk.ru, lestorg207@mail.ru, magazinokon1@yandex.ru, severles43@mail.ru, foton1975@mail.ru, rsr-43@yandex.ru, master-vorot@mail.ru, runastr@inbox.ru, 440991ktm@mail.ru, fa8@yandex.ru, 468046@mail.ru, elegya.plus.k@bk.ru, domles43@mail.ru, strosm@mail.ru, opt-vr@mail.ru, vyat.les.stroy@mail.ru, info@penoplastkirov.ru, profil-s-kirov@mail.ru, print-108@mail.ru, midi-kirov@yandex.ru, vjsp@mail.ru, tiran43@mail.ru, grandstyle_43@mail.ru, tu-43@mail.ru, kirov-s-t@mail.ru, info_43les-fedorov@mail.ru, is35209@mail.ru, kif.43@yandex.ru, dverikirov@gmail.com, oksdva@rambler.ru, spk-komplekt43@mail.ru, novoeokno@list.ru, kirovkraski@mail.ru, gbi-komplekt@inbox.ru, west@unistroy.ru, zamkiselmash@rambler.ru, bikton43@mail.ru, tk-pic@mail.ru, okna-5-kirov@mail.ru, kles43@yandex.ru, megastroyplit@mail.ru, biovod@mail.ru, stalstyle@mail.ru, vashi.okna@mail.ru, chepsok@mail.ru, kfe2005@mail.ru, seregatimofeev@mail.ru, 220334@bk.ru, kirovpromoul@mail.ru, tsk_nd@mail.ru, rapir5@yandex.ru, bruski43@mail.ru, bvnkirov@mail.ru, alex781390@yandex.ru, panorama.kirov@mail.ru, s-inn43@mail.ru, kluch.kirov@mail.ru, info@holzbalken.ru, hovilent@yandex.ru, laminat-kirov@mail.ru, dion-kirov@mail.ru, 357090@mail.ru, priisk.kirov@mail.ru, ozilkirov@mail.ru, s_bakin@mail.ru, s.bagaeff.ru@mail.ru, komfort-ltd@mail.ru, ooo_deko@mail.ru, 56-24-11@mail.ru, santiz12@yandex.ru, karkas_taik-21@mail.ru, dp-company@mail.ru, 533838@mail.ru, okna@teorema43.ru, info@penoceh.ru, info@ps43.ru, oknakomfort2010@mail.ru, komata69@mail.ru, krost-sk@mail.ru, laminotqs@mail.ru, talida@bk.ru, plastprom1@mail.ru, ivo43@mail.ru, igoryn2@mail.ru, dveri-predmet@mail.ru, areal_74@mail.ru, m-200@mail.ru, evroservis-grupp@mail.ru, 781429@rambler.ru, psp-vms@mail.ru, metallcomplekt00@mail.ru, dsk-kirov@mail.ru, kedr-city@mail.ru, oboi_opt_kirov@mail.ru, dvizhenie.stroyinvest@mail.ru, teploff_stroy@mail.ru, ess447722@mail.ru, stone-kirov@yandex.ru, tajus@tajus.kirov, cmc.kirov@mail.ru, vsmkirov@gmail.com, diros.kirov@mail.ru, alfapotolki@list.ru, kirovkit@mail.ru, favorit-kirov@mail.ru, evroplast43@mail.ru, 433527@mail.ru, expoles.kirov@list.ru, kir@zavodteplic.ru, kirovstroysnab@mail.ru, steklo_kirov@mail.ru, oookedr43@mail.ru, 43vip@mail.ru, lagurus@bk.ru, info@454544.ru, n421940@gmail.com, shop@royalceramica.ru, sdi43@mail.ru, dmarketkirov@mail.ru, polmira-kirov@mail.ru, xb3@Mail.ru, tuk-tukdveri@mail.ru, 46-13-32@mail.ru, stroy-komfort@mail.ru, baoli.ru@gmail.com, favor.kirov@mail.ru, aliver_vtl@mail.ru, mdmitrii@bk.ru, brigadir.kirov@mail.ru, oknograd82@mail.ru, info@itcr.ru, ccm43@mail.ru, office_psinv@mail.ru, vrabote2005@yandex.ru, makarovrr@yandex.ru, rosplitkirov@mail.ru, alta@plastic.kirov, sk784480@yandex.ru, vashdom.okna@yandex.ru, citystroykirov@mail.ru, stroy-m43@yandex.ru, olga_sysolyatin@mail.ru, masterlestnica@mail.ru, nvv@plitka43.ru, novator.kirov@yandex.ru, pfstroy@mail.ru, dom@domus.kirov, avtor43@mail.ru, ls-servise@mail.ru, ecostyle_kirov@mail.ru, gav27@rambler.ru, investstroykirov@yandex.ru, eurokam-kirov@mail.ru, vlabor777@yandex.ru, arton-group@mail.ru, profi-lstk@mail.ru, sales@spektrles.ru, les_dukon@guski.kirov, ecovata-kirov@inbox.ru, avpc@mail.ru, 782111@list.ru, durisol_43@mail.ru, kirov@floormaster.ru, plittorg2010@mail.ru, vgatt@yandex.ru, brevno43@yandex.ru, elene705@mail.ru, argolit@mail.ru, sergei.zykin@mail.ru, wood43@narod.ru, cuba.kirov@yandex.ru, 583070@mail.ru, premium.ooo@bk.ru, 345038@list.ru, 492603@mail.ru, severtrans-kirov@mail.ru, exz.kirov@mail.ru, samosval43@mail.ru, oknapremjer@mail.ru, rrusstroy@mail.ru, foresta-kirov@mail.ru, lorisse@rambler.ru, 225125@mail.ru, geoprom@yandex.ru, info@vitragikirov.ru, derufa43@mail.ru, tera.kirov@mail.ru, gbisuslov@yandex.ru, kirov1@amega.perm, kadr@zpic.ru, rental.kirov@mail.ru, zamki43@bk.ru, nn@polimpex.ru, lestermo@mail.ru, kirovplast43@yandex.ru, basmanov1966@mail.ru, baza-pilomaterial@mail.ru, miss.cornienko2012@yandex.ru, 9091368215@mail.ru, oknakomfort@bk.ru, okna353539@yandex.ru, kirov-43ru@mail.ru, lmir@rambler.ru, t-l705136@yandex.ru, progress20-12@mail.ru, dgizny@list.ru, info@amega.perm, oksana-kssk@mail.ru, alianssnab@mail.ru, agroles-stroy@mail.ru, anhaz@bk.ru, nedra43@yandex.ru, sales@forest43.ru, ksm-beton@mail.ru, kirovlespil@mail.ru, rosplit@mail.ru, kmc-kirov@mail.ru, steelkrov@mail.ru, info@megapolis43.ru, laminatmarket@mail.ru, 77888@mail.ru, el-matveeva@mail.ru, vyatkaevroles@mail.ru, fh-salon@mail.ru, absh@mail.ru, saiver-kirov@mail.ru, rosokna43@mail.ru, predmet-studio@mail.ru, st-komfort@mail.ru, ooovotum@mail.ru, t474530@yandex.ru, vtalex@list.ru, doma-na-vyatke@mail.ru, lecfortmedia@mail.ru, stalport@mail.ru, promkraska@yandex.ru, dvercentr@mail.ru, spkokna@mail.ru, rusles@mail.ru, dk220202@mail.ru, prompolipak@mail.ru, zsk_strigi@mail.ru, 777zavod@rambler.ru, 1betonit@mail.ru, str-snab@mail.ru, lesprofi@yandex.ru, 472427@gmail.com, nikulin-66@mail.ru, kirov.stroisnab@mail.ru, bulatov.okna-siti@yandex.ru, speceprom2008@rambler.ru, a-grupp2010@mail.ru, mail@autosvet.kirov, stanislav_trio@mail.ru, ioann6257@mail.ru, kontur-win@yandex.ru, lstk.vyatka@yandex.ru, evro-vek@mail.ru, ooo.aprel@mail.ru, bsks@bk.ru, zakazremonta43@gmail.com, zamki-kirov@yandex.ru, armada-43@mail.ru, mammadli@yandex.ru, vstjob@list.ru, alexokna41@yandex.ru, dropp110@mail.ru, kukushkinafazenda@yandex.ru, info@vibromaster.ru, sistema43@mail.ru, rost-kirov@mail.ru, horkirov@mail.ru, vfk@kirovcity.ru, lesnoy@profil.kirov, krovli-fasadi@yandex.ru, 786700@mail.ru, fofanov73@mail.ru, vyatka-donstroy@mail.ru, armadakirov@mail.ru, sts.kirov@mail.ru, smb09@yandex.ru, orionm@bk.ru, director@vok.domfort, profile_stp@mail.ru, kamen43@inbox.ru, pkpinikon@yandex.ru, dom@oknadoma.com, stl.2011@mail.ru, grskirov@mail.ru, magdoor@mail.ru, vorota43@mail.ru, dobrus-dom@rambler.ru, nmakhina@inbox.ru, 408010@mail.ru, of1@vekakirov.ru, harket-moroz@mail.ru, lepseles@mail.ru, 43okna@mail.ru, mf-kirov@rambler.ru, nebasvod@yandex.ru, ove.43@mail.ru, sm43kir@rambler.ru, s_servis43@mail.ru, atmsfera@mail.ru, mega-servic43@mail.ru, okna.mira@inbox.ru, stalgrot_sv@mail.ru, okna@veka.kirov, 493681@mail.ru, stkirov@mail.ru, Rating@Mail.ru, proizvod-10@mail.ru, 43@bronevoy43.ru, gildya_okon@mail.ru, evs43@yandex.ru, eurookna@inbox.ru, ooo.kirovles@yandex.ru, kma-1973@yandex.ru, ops_kirov@mail.ru, al.batalov@mail.ru, centrglass@mail.ru, odf@bk.ru, lestehsnab@mail.ru, info@mirzamkov.biz, prosma@beton.kirov, ard43@yandex.ru, tatl1970@mail.ru"
http://kirov.lobzikov.ru/tovar/cat22-stroitelnye-materialy,set()
http://kirov.obzorgoroda.su/category/teploizolyacionnye_materialy,set()
http://kirov.orgsinfo.ru/theme/stroitelnye-materialy,set()
http://kirov.pulscen.ru/price/10-stroitelnye-materialy,"Rating@Mail.ru, xb3@Mail.ru"
http://kirov.s-stroy.ru/,set()
http://kirov.shoone.ru/cat72,set()
http://kirov.spravkus.com/stroitelnye-magaziny,set()
http://kirov.stinpo.ru/materiales/predlojenie,info@stinpo.ru
http://kirov.stro18.ru/,"kirov@stro18.ru, pr@stro18.ru"
http://kirov.trud.com/jobs/stroitelnye_materialy/,set()
http://kirov.worktrue.ru/?cat=%D0%9C%D0%B0%D0%B3%D0%B0%D0%B7%D0%B8%D0%BD%D1%8B%20%D1%81%D1%82%D1%80%D0%BE%D0%B8%D1%82%D0%B5%D0%BB%D1%8C%D0%BD%D1%8B%D1%85%20%D0%BC%D0%B0%D1%82%D0%B5%D1%80%D0%B8%D0%B0%D0%BB%D0%BE%D0%B2&page=1,admin@worktrue.ru
http://kirovsp43.ru/stroitelnye_magaziny/all-shops/,"kirovsp43@yandex.ru, tehnozet.chepetsk@gmail.com, Rating@Mail.ru, xb3@Mail.ru"
http://myclickmarket.ru/rubric/stroitelnye-materialy/,"redaktor@myclickmarket.ru, reklama@myclickmarket.ru"
http://navigator-kirov.ru/reference/319,set()
http://ogodom.ru/firms/kirov,set()
http://pesochnya.com/cat/magazin-interer-otdelochnye-i-stroitelnye-materialy-7175,4845652774@mail.ru
http://remontiotdelka43.ru/product-category/strojmaterialy/,"zakaz@remontiotdelka43.ru, snab@remontiotdelka43.ru, ajax-loader@2x.gif"
http://revbis.ru/ru/kirov/stroitelnye_materialy,set()
http://ru.indeed.com/%D0%A1%D1%82%D1%80%D0%BE%D0%B8%D1%82%D0%B5%D0%BB%D1%8C%D0%BD%D1%8B%D0%B5-%D0%9C%D0%B0%D1%82%D0%B5%D1%80%D0%B8%D0%B0%D0%BB%D1%8B-jobs-in-%D0%9A%D0%B8%D1%80%D0%BE%D0%B2,star_2_sm@2x.png
http://rufirm.org/city/kirov/stroitelnye_materialy/,set()
http://s-be.ru/,set()
http://spravka43.ru/363-232.html,"info@kvadr43.ru, info.km43@yandex.ru, pick43@yandex.ru, ktkgroup43@mail.ru, Rating@Mail.ru, info@rskom.ru, info@kirovcity.org, doska-brus-kirov@mail.ru, usmkirov@mail.ru, 43.ATX@mail.ru, evro-vek@mail.ru, rusdom43@mail.ru, xb3@Mail.ru, stroimdom43kirov@mail.ru"
http://spravkaru.info/kirov/dorozhno-stroitelnye_materialy,set()
http://ssm43.ru/,info@ssm43.ru
http://stroystandart-kirov.ru/,sts.kirov@mail.ru
http://twenmill.ru/kirov/,set()
http://vaigach.ru/,set()
http://volga-online.ru/%D0%9A%D0%B8%D1%80%D0%BE%D0%B2/%D0%A1%D1%82%D1%80%D0%BE%D0%B8%D1%82%D0%B5%D0%BB%D1%8C%D0%BD%D1%8B%D0%B5_%D0%BC%D0%B0%D1%82%D0%B5%D1%80%D0%B8%D0%B0%D0%BB%D1%8B,set()
http://www.YP.ru/kirov/list/magaziny_stroitelnye_tovary_i_materialy/,info@yp.ru
http://www.apoi.ru/kompanii/kirov/dom-i-remont/stroitelnye-materialy/ulica/gercena-ulica,support@apoi.ru
http://www.bizspravka.su/%D0%9A%D0%B8%D1%80%D0%BE%D0%B2/%D0%A1%D1%82%D1%80%D0%BE%D0%B8%D1%82%D0%B5%D0%BB%D1%8C%D0%BD%D1%8B%D0%B5-%D0%BC%D0%B0%D1%82%D0%B5%D1%80%D0%B8%D0%B0%D0%BB%D1%8B/,set()
http://www.bmskirov.ru/,set()
http://www.careerjet.ru/rabota-jobs-%D1%81%D1%82%D1%80%D0%BE%D0%B8%D1%82%D0%B5%D0%BB%D1%8C%D0%BD%D1%8B%D0%B5-%D0%BC%D0%B0%D1%82%D0%B5%D1%80%D0%B8%D0%B0%D0%BB%D1%8B/%D0%9A%D0%B8%D1%80%D0%BE%D0%B2-277565.html,set()
http://www.didan-kirov.ru/,set()
http://www.kirov-kirovskaya-obl.websender.ru/stroitelnye_materialy/,set()
http://www.kirov.build2last.ru/goods.php,set()
http://www.megapolis43.ru/,info@megapolis43.ru
http://www.ps43.ru/,"Rating@Mail.ru, xb3@Mail.ru"
http://www.spartakstroy.ru/,set()
http://www.spravkakirova.ru/spravochnik-stroitelnye-materialy-1001,"as-stroy@list.ru, ktkgroup43@mail.ru"
http://www.stroymag43.ru/component/jshopping/category,set()
http://xn--43--hdd3al3ap.xn--p1ai/%D0%BA%D0%BE%D0%BC%D0%BF%D0%B0%D0%BD%D0%B8%D1%8F/%D1%8F%D1%80%D0%BC%D0%B0%D1%80%D0%BA%D0%B0_%D1%81%D1%82%D1%80%D0%BE%D0%B8%D1%82%D0%B5%D0%BB%D1%8C%D0%BD%D1%8B%D1%85_%D0%BC%D0%B0%D1%82%D0%B5%D1%80%D0%B8%D0%B0%D0%BB%D0%BE%D0%B2_%D0%BC%D0%B0%D0%B3%D0%B0%D0%B7%D0%B8%D0%BD_%D1%81%D1%82%D1%80%D0%BE%D0%B8%D1%82%D0%B5%D0%BB%D1%8C%D0%BD%D1%8B%D1%85_%D0%BC%D0%B0%D1%82%D0%B5%D1%80%D0%B8%D0%B0%D0%BB%D0%BE%D0%B2,olga_sysolyatin@mail.ru
http://xn--80aqafkhejn4b.xn--p1ai/%D0%9A%D0%B8%D1%80%D0%BE%D0%B2/%D0%A1%D1%82%D1%80%D0%BE%D0%B8%D1%82%D0%B5%D0%BB%D1%8C%D0%BD%D1%8B%D0%B5-%D0%BC%D0%B0%D1%82%D0%B5%D1%80%D0%B8%D0%B0%D0%BB%D1%8B,set()
http://xn--b1aeptalahfe1l.xn--p1ai/,"Rating@Mail.ru, xb3@Mail.ru"
http://xn--b1alfrj.xn--b1ajukhp0cb.xn--p1ai/rubric/stroitelnye_materialy-kirov,set()
https://2gis.ru/kirov/search/%D0%A1%D1%82%D1%80%D0%BE%D0%B8%D1%82%D0%B5%D0%BB%D1%8C%D0%BD%D1%8B%D0%B5%20%D0%BC%D0%B0%D0%B3%D0%B0%D0%B7%D0%B8%D0%BD%D1%8B/tab/firms?queryState=zoom/11,"info.km43@yandex.ru, cmc.kirov@mail.ru, sss43_kirov@mail.ru"
https://kirov.hh.ru/catalog/Prodazhi/Stroitelnye-materialy,"021a400d5c554c00a0b92ac575ff4768@sentry.hh, xb3@Mail.ru"
https://kirov.orgdir.ru/%D0%A1%D1%82%D1%80%D0%BE%D0%B8%D1%82%D0%B5%D0%BB%D1%8C%D0%BD%D1%8B%D0%B5+%D0%BC%D0%B0%D1%82%D0%B5%D1%80%D0%B8%D0%B0%D0%BB%D1%8B/,info@orgdir.ru
https://market.yandex.ru/catalog--stroitelnye-i-otdelochnye-materialy/55168?clid=703,set()
https://www.avito.ru/kirovskaya_oblast_kirov/remont_i_stroitelstvo/bu_760345677,anta99@mail.ru
https://yandex.ru/maps/org/stroitelnyye_materialy_pod_mostami/1684164732,set()
